slug,title,property_type,status,price,address_line,city_state,city,region,district,zone_type,payment_type,payment_terms,lat,lng,custom_fields
medinilla-street-fernwood-davao-city,"Medinilla Street, Fernwood, Davao City",Land,published,10000000,"Medinilla Street, Fernwood, Toril District, Davao City, Davao Region, 8000, Philippines",Davao City,Davao City,Davao Region,Toril District,Residential,buy,,7.0330141,125.3926917,"{""internal_id"":""cmikdd6lz000bux3wuzf5a94v"",""availability_raw"":""FS"",""system_status"":""active"",""links"":{""media"":""https://drive.google.com/drive/folders/1drAGfQsq_T3umkNJVZ3wVNQK0cx2Wkp_?usp=drive_link"",""title"":""https://drive.google.com/drive/folders/1xrj0CLNRdqRd_3PPaRixN-Q9K0Y-zA80"",""td"":"""",""sm"":"""",""fbg"":""https://www.facebook.com/share/p/16wCSLK53v/""},""lot"":{""lot_area_sqm"":500,""terrain"":""F""}}"
macarthur-highway-proper-davao-city,"MacArthur Highway, Proper, Davao City",Land,published,35000000,"Eng Sweet and Hot Bakeshop, MacArthur Highway, Proper, Lizada, Toril District, Davao City, Davao Region, 8025, Philippines",Davao City,Davao City,Davao Region,Toril District,Commercial,buy,,7.0121172,125.4895728,"{""internal_id"":""cmikdjbr8000cux3wh4jgq2bj"",""availability_raw"":""FS"",""system_status"":""active"",""links"":{""media"":""https://drive.google.com/drive/folders/1pd2-pl2sJXRsPdk-UoaVfIu9r8PEUsIY?usp=drive_link"",""title"":""https://drive.google.com/drive/folders/1K-lYV2YJYDtNlSfF6YiTOnfME82NxAZb"",""td"":"""",""sm"":"""",""fbg"":""https://www.facebook.com/groups/1252791732721074/posts/1284934376173476/""},""lot"":{""lot_area_sqm"":1299,""terrain"":""F""}}"
villa-de-mercedes-davao-city,"Villa de Mercedes, Davao City",Land,published,3000000,"Villa de Mercedes, Toril District, Davao City, Davao Region, 8000, Philippines",Davao City,Davao City,Davao Region,Toril District,Residential,buy,BF,7.0043636,125.467904,"{""internal_id"":""cmike57th000dux3w7vjyckm8"",""availability_raw"":""FS"",""system_status"":""active"",""transaction_remarks"":""Jau Aguilar"",""links"":{""media"":""https://drive.google.com/drive/folders/13qajmS8FFV9Gs-h6SMvliIEv0YN8gtzN?usp=drive_link"",""title"":"""",""td"":"""",""sm"":"""",""fbg"":""https://www.facebook.com/groups/1252791732721074/posts/1305716160761964/""},""lot"":{""lot_area_sqm"":200,""terrain"":""F""}}"
villa-de-mercedes-davao-city-2,"Villa de Mercedes, Davao City",Land,published,3000000,"Villa de Mercedes, Toril District, Davao City, Davao Region, 8000, Philippines",Davao City,Davao City,Davao Region,Toril District,Residential,buy,BF,7.0044915,125.4679011,"{""internal_id"":""cmike8ol1000eux3wiu3uw70a"",""availability_raw"":""FS"",""system_status"":""active"",""transaction_remarks"":""Jau Aguilar"",""links"":{""media"":""https://drive.google.com/drive/folders/13qajmS8FFV9Gs-h6SMvliIEv0YN8gtzN?usp=drive_link"",""title"":"""",""td"":"""",""sm"":"""",""fbg"":""https://www.facebook.com/share/p/19eMoNqMAv/""},""lot"":{""lot_area_sqm"":200,""terrain"":""F""}}"
villa-de-mercedes-davao-city-3,"Villa de Mercedes, Davao City",Land,published,4048000,"Villa de Mercedes, Toril District, Davao City, Davao Region, 8000, Philippines",Davao City,Davao City,Davao Region,Toril District,Residential,buy,BF,7.0041494,125.4679039,"{""internal_id"":""cmikec0rg000fux3wnyvhratv"",""availability_raw"":""FS"",""system_status"":""active"",""transaction_remarks"":""Jau Aguilar"",""links"":{""media"":""https://drive.google.com/drive/folders/1L_TLa1k04RXnfb5B6-wimYnnHeTUcvY2?usp=drive_link"",""title"":"""",""td"":"""",""sm"":"""",""fbg"":""https://www.facebook.com/share/p/16wXii5815/""},""lot"":{""lot_area_sqm"":253,""terrain"":""F""}}"
villa-de-mercedes-davao-city-4,"Villa de Mercedes, Davao City",Land,published,2500000,"Villa de Mercedes, Toril District, Davao City, Davao Region, 8000, Philippines",Davao City,Davao City,Davao Region,Toril District,Residential,buy,Spot Cash,7.0100591,125.4700372,"{""internal_id"":""cmikeeuag000gux3w82vj82g2"",""availability_raw"":""FS"",""system_status"":""active"",""transaction_remarks"":""Abegail Bernales"",""links"":{""media"":""https://drive.google.com/drive/folders/1rjPcnhrPHF80qH5ClUHCO7BE-DPpI242?usp=drive_link"",""title"":"""",""td"":"""",""sm"":"""",""fbg"":""https://www.facebook.com/share/p/16gvVz833H/""},""lot"":{""lot_area_sqm"":180,""terrain"":""F""}}"
villa-de-mercedes-davao-city-5,"Villa de Mercedes, Davao City",Land,published,2400000,"Villa de Mercedes, Toril District, Davao City, Davao Region, 8000, Philippines",Davao City,Davao City,Davao Region,Toril District,Residential,buy,Spot Cash,7.0049853,125.4618463,"{""internal_id"":""cmikek4mp000hux3wmx0p0isb"",""availability_raw"":""FS"",""system_status"":""active"",""remarks"":""P1, B7, L4"",""transaction_remarks"":""Coney Lajom"",""links"":{""media"":""https://drive.google.com/drive/folders/18WACCeprgnpTZVWkBvms1YgDOtgOpvT9?usp=drive_link"",""title"":""https://drive.google.com/drive/folders/1qyV8xm1w1TSMx1CRQsC69XtQgVlcpfSI"",""td"":"""",""sm"":"""",""fbg"":""https://www.facebook.com/share/p/19eMoNqMAv/""},""lot"":{""lot_area_sqm"":200,""terrain"":""F""}}"
villa-de-mercedes-davao-city-6,"Villa de Mercedes, Davao City",Land,published,9045000,"Villa de Mercedes, Toril District, Davao City, Davao Region, 8000, Philippines",Davao City,Davao City,Davao Region,Toril District,Residential,buy,BF; I; Cash,7.0045008,125.4637458,"{""internal_id"":""cmikemi78000iux3wxpmjzjm5"",""availability_raw"":""FS"",""system_status"":""active"",""transaction_remarks"":""Ian Deniega"",""links"":{""media"":""https://drive.google.com/drive/folders/1V34wAKcnCJweLfoOZbGEgeDuqD4IXfar?usp=drive_link"",""title"":"""",""td"":"""",""sm"":"""",""fbg"":""https://www.facebook.com/share/p/17iJBJjpQM/""},""lot"":{""lot_area_sqm"":603,""terrain"":""F""}}"
agton-street-purok-19-davao-city,"Agton Street, Purok 19, Davao City",Land,published,40000000,"Agton Street, Purok 19, Crossing Bayabas, Toril District, Davao City, Davao Region, 8025, Philippines",Davao City,Davao City,Davao Region,Toril District,Commercial,buy,,7.0175993,125.4975034,"{""internal_id"":""cmiketfa1000jux3wahz57ucp"",""availability_raw"":""FS"",""system_status"":""active"",""transaction_remarks"":""Coney Lajom"",""links"":{""media"":""https://drive.google.com/drive/folders/1rq01d2Hv_CpQ5DtW-wOLYSm8_LHoj0re?usp=sharing"",""title"":""https://drive.google.com/drive/folders/1xyY2fZ9qS7ma0TO8N03QHfXcIZaDjraj"",""td"":"""",""sm"":"""",""fbg"":""https://www.facebook.com/share/p/18n6M6XWdp/""},""lot"":{""lot_area_sqm"":323,""terrain"":""F""}}"
curvada-davao-city,"Curvada, Davao City",Land,published,112500000,"Curvada, Marapangi, Toril District, Davao City, Davao Region, 8025, Philippines",Davao City,Davao City,Davao Region,Toril District,Farm Lot,buy,,7.0112124,125.4807898,"{""internal_id"":""cmikey0ar000kux3wxcggg80c"",""availability_raw"":""FS"",""system_status"":""active"",""remarks"":""Clean Title"",""transaction_remarks"":""Kristina Noble"",""links"":{""media"":""https://drive.google.com/drive/folders/1AUvcJesPX-iR8Y9zJVbNvBrHL9wdjdsz?usp=drive_link"",""title"":""https://drive.google.com/drive/folders/17GL2wQg3ylub_ZjQqX4rZyEWOxbqy7-w"",""td"":"""",""sm"":"""",""fbg"":""https://www.facebook.com/share/p/18sS2mqNJV/""},""lot"":{""lot_area_sqm"":25000,""terrain"":""F""}}"
purok-2-davao-city,"Purok 2, Davao City",Land,published,2500000,"Purok 2, Baliok, Talomo District, Davao City, Davao Region, 8000, Philippines",Davao City,Davao City,Davao Region,Talomo District,Residential,buy,Cash; I,7.0456422,125.4977952,"{""internal_id"":""cmikfroiq000lux3w1fzt9f2z"",""availability_raw"":""FS"",""system_status"":""active"",""transaction_remarks"":""Coney Lajom"",""links"":{""media"":""https://drive.google.com/drive/folders/13QeLo7WBP1rrIBDqBYytJ_GjwoYKUtX8?usp=drive_link"",""title"":""https://drive.google.com/drive/folders/1uhNjgl6YJi5D2ZrSuNXwRuXlm4yQvHUc"",""td"":"""",""sm"":"""",""fbg"":""https://www.facebook.com/groups/1252791732721074/posts/1364686248198288/""},""lot"":{""lot_area_sqm"":300,""terrain"":""F""}}"
president-roxas-street-purok-11-davao-city,"President Roxas Street, Purok 11, Davao City",Land,published,10000000,"President Roxas Street, Purok 11, Crossing Bayabas, Toril District, Davao City, Davao Region, 8025, Philippines",Davao City,Davao City,Davao Region,Toril District,Residential,buy,Spot Cash,7.0246898,125.5016488,"{""internal_id"":""cmikfzfzn000mux3we59ely0y"",""availability_raw"":""FS"",""system_status"":""active"",""remarks"":""NEGOTIABLE"",""transaction_remarks"":""Banker Gladys"",""links"":{""media"":""https://drive.google.com/drive/folders/1hITfIkXNK52gv6ITitQdlOl4BmNmoTJ6?usp=drive_link"",""title"":"""",""td"":"""",""sm"":"""",""fbg"":""https://www.facebook.com/groups/1252791732721074/posts/1364213561578890/""},""lot"":{""lot_area_sqm"":314,""terrain"":""F""}}"
president-roxas-street-purok-11-davao-city-2,"President Roxas Street, Purok 11, Davao City",Land,published,7000000,"President Roxas Street, Purok 11, Crossing Bayabas, Toril District, Davao City, Davao Region, 8025, Philippines",Davao City,Davao City,Davao Region,Toril District,Farm Lot,buy,Cash,7.0246898,125.5016488,"{""internal_id"":""cmikg4lnf000nux3wlqgsjozn"",""availability_raw"":""FS"",""system_status"":""active"",""remarks"":""NEGOTIABLE"",""transaction_remarks"":""Jau Aguilar"",""links"":{""media"":""https://drive.google.com/drive/folders/1HXnGYFZFzkRtZlmn8Sg3Zx03XKyZ5Nbv?usp=drive_link"",""title"":""https://drive.google.com/drive/folders/1tkXrv1tWoA7mVYMRVxKRKQ1i4vUJoObe"",""td"":"""",""sm"":"""",""fbg"":""https://www.facebook.com/groups/1252791732721074/posts/1348242213176025/""},""lot"":{""lot_area_sqm"":8670,""terrain"":""F""}}"
catigan-baracatan-road-habana-purok-2-davao-city,"Catigan-Baracatan Road, Habana, Purok 2, Davao City",Land,published,7000000,"Catigan-Baracatan Road, Purok 2, Habana, Toril District, Davao City, Davao Region, 8000, Philippines",Davao City,Davao City,Davao Region,Toril District,Farm Lot,buy,I; Cash,6.9960036,125.4000381,"{""internal_id"":""cmikg9s0x000oux3wah5rcnlo"",""availability_raw"":""FS"",""system_status"":""active"",""transaction_remarks"":""Coney Lajom"",""links"":{""media"":""https://drive.google.com/drive/folders/1pBgaw87-Dz_az6zT2BLp31Dn0xf_bh5S?usp=drive_link"",""title"":"""",""td"":"""",""sm"":"""",""fbg"":""https://www.facebook.com/share/p/16MxAwESci/""},""lot"":{""lot_area_sqm"":3850,""terrain"":""F""}}"
cabadiangan-samal-davao-del-norte,"Cabadiangan, Samal, Davao del Norte",Land,published,455993600,"Cabadiangan, Mambago-A, Samal District, Samal, Davao del Norte, Davao Region, 8119, Philippines","Samal, Davao del Norte","Samal, Davao del Norte",Davao Region,Samal District,Residential,buy,Cash,7.0945439,125.7025907,"{""internal_id"":""cminvnl740000uxz84hek5mtc"",""availability_raw"":""FS"",""system_status"":""active"",""links"":{""media"":""https://drive.google.com/drive/folders/10TBxTbA1RQaZ8fUwzbIlOSniHXsD18S6?usp=drive_link"",""title"":""https://drive.google.com/drive/folders/1KnKsOPPxQSYKjvcH_g5MXOPG3IHElF5W"",""td"":"""",""sm"":"""",""fbg"":""https://www.facebook.com/share/p/1FYg8eWgm9/""},""lot"":{""lot_area_sqm"":284996,""terrain"":""F""}}"
circumferential-road-samal-davao-del-norte,"Circumferential Road, Samal, Davao del Norte",Land,published,74835000,"Circumferential Road, Pangubatan, Kaputian District, Samal, Davao del Norte, Davao Region, 8119, Philippines","Samal, Davao del Norte","Samal, Davao del Norte",Davao Region,Kaputian District,Residential,buy,Cash,6.935257,125.7700804,"{""internal_id"":""cminvq9t20001uxz8wqlk641c"",""availability_raw"":""FS"",""system_status"":""active"",""links"":{""media"":""https://drive.google.com/drive/folders/10NhT3TDU3rNnmmfP2KjQ2Ej39NfES32h?usp=drive_link"",""title"":""https://drive.google.com/drive/folders/1KnKsOPPxQSYKjvcH_g5MXOPG3IHElF5W"",""td"":"""",""sm"":"""",""fbg"":""https://www.facebook.com/share/p/16u2boJxaY/""},""lot"":{""lot_area_sqm"":124725,""terrain"":""F""}}"
circumferential-road-kumintang-samal-davao-del-norte,"Circumferential Road, Kumintang, Samal, Davao del Norte",Land,published,45000000,"Santos Beach Resort, Circumferential Road, Kumintang, Tagpopongan, Babak District, Samal, Davao del Norte, Davao Region, 8118, Philippines","Samal, Davao del Norte","Samal, Davao del Norte",Davao Region,Babak District,Commercial,buy,BF; I; Cash,7.1399983,125.783686,"{""internal_id"":""cminw0qie0002uxz8nv06485f"",""availability_raw"":""FS"",""system_status"":""active"",""remarks"":""Rocky Beach Line Property - no further details"",""links"":{""media"":"""",""title"":"""",""td"":"""",""sm"":""""},""lot"":{""lot_area_sqm"":12000,""terrain"":""F""}}"
circumferential-road-kumintang-samal-davao-del-norte-2,"Circumferential Road, Kumintang, Samal, Davao del Norte",Land,published,20000000,"Circumferential Road, Kumintang, Tagpopongan, Babak District, Samal, Davao del Norte, Davao Region, 8118, Philippines","Samal, Davao del Norte","Samal, Davao del Norte",Davao Region,Babak District,Commercial,buy,Cash; I; BF,7.1397558,125.7842151,"{""internal_id"":""cminw3tbt0003uxz8wsyfjavh"",""availability_raw"":""FS"",""system_status"":""active"",""remarks"":""Rocky Beach Line Property - no further details"",""links"":{""media"":"""",""title"":"""",""td"":"""",""sm"":""""},""lot"":{""lot_area_sqm"":2498,""terrain"":""F""}}"
circumferential-road-rose-b-samal-davao-del-norte,"Circumferential Road, Rose B, Samal, Davao del Norte",Land,published,34547750,"Circumferential Road, Rose B, Kanaan, Kaputian District, Samal, Davao del Norte, Davao Region, 8120, Philippines","Samal, Davao del Norte","Samal, Davao del Norte",Davao Region,Kaputian District,Farm Lot,buy,BF; I; Cash,6.9831216,125.7874006,"{""internal_id"":""cminw8dyq0004uxz822xubsni"",""availability_raw"":""FS"",""system_status"":""active"",""links"":{""media"":""https://drive.google.com/drive/folders/1hvCmY0ZksZPTF49HjtQh4qNWq-fOOxo8?usp=drive_link"",""title"":""https://drive.google.com/drive/folders/1uAHn_t2_1S5mcAO_jIhWfsEo1t9AEUJn"",""td"":"""",""sm"":"""",""fbg"":""https://www.facebook.com/share/p/1E5eYpuiEi/""},""lot"":{""lot_area_sqm"":138191,""terrain"":""F""}}"
circumferential-road-purok-5-samal-davao-del-norte,"Circumferential Road, Purok 5, Samal, Davao del Norte",Land,published,21332850,"Circumferential Road, Purok 5, Pangubatan, Kaputian District, Samal, Davao del Norte, Davao Region, 8119, Philippines","Samal, Davao del Norte","Samal, Davao del Norte",Davao Region,Kaputian District,Farm Lot,buy,BF; I; Cash,6.9490029,125.788712,"{""internal_id"":""cminwbp050005uxz89m0lzvwy"",""availability_raw"":""FS"",""system_status"":""active"",""links"":{""media"":""https://drive.google.com/drive/folders/1EP_ot_fO0xA1BtVP-sBBcrybM2gh0Cfc?usp=drive_link"",""title"":""https://drive.google.com/drive/folders/186TvchdTGk8YVSl_GqGEiCogeZBZv6-J"",""td"":"""",""sm"":"""",""fbg"":""https://www.facebook.com/share/p/16DwdPvgYG/""},""lot"":{""lot_area_sqm"":60951,""terrain"":""F""}}"
circumferential-road-tagluno-samal-davao-del-norte,"Circumferential Road, Tagluno, Samal, Davao del Norte",Land,published,110000000,"Secret Paradise Store, Circumferential Road, Tagluno, Aundanao, Samal District, Samal, Davao del Norte, Davao Region, 8119, Philippines","Samal, Davao del Norte","Samal, Davao del Norte",Davao Region,Samal District,Commercial,buy,BF; I; Cash,7.089993,125.7839767,"{""internal_id"":""cminwfg2b0006uxz8r37mhpx2"",""availability_raw"":""FS"",""system_status"":""active"",""links"":{""media"":""https://drive.google.com/drive/folders/1VFiDAdbvi1gxUkvRG9KpOCaWn3H2qbd-?usp=drive_link"",""title"":"""",""td"":"""",""sm"":"""",""fbg"":""https://www.facebook.com/share/p/1BSovX15y9/""},""lot"":{""lot_area_sqm"":10583,""terrain"":""F""}}"
purok-3-samal-davao-del-norte,"Purok 3, Samal, Davao del Norte",Land,published,55000000,"Purok 3, Mambago-A, Samal District, Samal, Davao del Norte, Davao Region, 8119, Philippines","Samal, Davao del Norte","Samal, Davao del Norte",Davao Region,Samal District,Commercial,buy,BF; I; Cash,7.095507,125.7073799,"{""internal_id"":""cminwha2i0007uxz8n0t9w9du"",""availability_raw"":""FS"",""system_status"":""active"",""links"":{""media"":""https://drive.google.com/drive/folders/12zixsss92RVc8SmliGB5rgeZmDYmFr6P?usp=drive_link"",""title"":"""",""td"":"""",""sm"":"""",""fbg"":""https://www.facebook.com/share/p/17ijcT4CvW/""},""lot"":{""lot_area_sqm"":1000,""terrain"":""F""}}"
purok-3-samal-davao-del-norte-2,"Purok 3, Samal, Davao del Norte",Land,published,3500000,"Purok 3, Mambago-A, Samal District, Samal, Davao del Norte, Davao Region, 8119, Philippines","Samal, Davao del Norte","Samal, Davao del Norte",Davao Region,Samal District,Commercial,buy,BF; I; Cash,7.0954052,125.7068303,"{""internal_id"":""cminwjn8b0008uxz82uuwldxq"",""availability_raw"":""FS"",""system_status"":""active"",""links"":{""media"":""https://drive.google.com/drive/folders/1LqVbXaMKv7mgOSLcMOZJ8Ox8n4OR35yP?usp=drive_link"",""title"":"""",""td"":"""",""sm"":"""",""fbg"":""https://www.facebook.com/share/p/1Be2Du3tM5/""},""lot"":{""lot_area_sqm"":600,""terrain"":""F""}}"
kinawitnon-pe-aplata-road-purok-5-samal-davao-del-norte,"Kinawitnon - Peñaplata Road, Purok 5, Samal, Davao del Norte",Land,published,3500000,"Kinawitnon - Peñaplata Road, Purok 5, Mambago-B, Babak District, Samal, Davao del Norte, Davao Region, 8118, Philippines","Samal, Davao del Norte","Samal, Davao del Norte",Davao Region,Babak District,Commercial,buy,BF; I; Cash,7.1110483,125.6925098,"{""internal_id"":""cminwnrhn0009uxz8yyc9eff2"",""availability_raw"":""FS"",""system_status"":""active"",""links"":{""media"":""https://drive.google.com/drive/folders/1ipUuxrnVlFi0zPLtOo5AIVRPHCop_8Fg?usp=drive_link"",""title"":"""",""td"":"""",""sm"":"""",""fbg"":""https://www.facebook.com/share/p/1EUsvNeY93/""},""lot"":{""lot_area_sqm"":441,""terrain"":""F""}}"
kinawitnon-pe-aplata-road-purok-5-samal-davao-del-norte-2,"Kinawitnon - Peñaplata Road, Purok 5, Samal, Davao del Norte",Land,published,9500000,"Kinawitnon - Peñaplata Road, Purok 5, Mambago-B, Babak District, Samal, Davao del Norte, Davao Region, 8118, Philippines","Samal, Davao del Norte","Samal, Davao del Norte",Davao Region,Babak District,Commercial,buy,BF; I; Cash,7.1116916,125.6919071,"{""internal_id"":""cminwqk7v000auxz8h40xn0be"",""availability_raw"":""FS"",""system_status"":""active"",""links"":{""media"":""https://drive.google.com/drive/folders/13kFxpccNyk-_lM4tiv4mcFZAQY1HNc18?usp=drive_link"",""title"":"""",""td"":"""",""sm"":"""",""fbg"":""https://www.facebook.com/share/p/1GzEpJAf6v/""},""lot"":{""lot_area_sqm"":1301,""terrain"":""F""}}"
kapitan-tomas-monteverde-sr-f-bangoy-street-davao-city,"Kapitan Tomas Monteverde Sr., F. Bangoy Street, Davao City",Land,published,21000000,"F. Bangoy Street, Kapitan Tomas Monteverde Sr., Agdao District, Davao City, Davao Region, 8000, Philippines",Davao City,Davao City,Davao Region,Agdao District,Residential,buy,BF; I; Cash,7.08055,125.622466,"{""internal_id"":""cmitxb6370006uxa4emr9nmgi"",""availability_raw"":""FS"",""system_status"":""active"",""remarks"":""For verification: the actual total area is 241 sq.m (with a 9-meter frontage). It includes adjacent public land due to its corner lot location"",""links"":{""media"":""https://drive.google.com/drive/folders/1h11M9orVsKqA30rubGjia0fRR-l2a2zW?usp=drive_link"",""title"":"""",""td"":"""",""sm"":"""",""fbg"":""https://www.facebook.com/groups/620083160870310/posts/648911277987498/""},""lot"":{""lot_area_sqm"":104,""terrain"":""F""}}"
lapu-lapu-talakitok-street-davao-city,"Lapu-Lapu, Talakitok Street, Davao City",Land,published,9000000,"Talakitok Street, Lapu-Lapu, Agdao District, Davao City, Davao Region, 8000, Philippines",Davao City,Davao City,Davao Region,Agdao District,Residential,buy,BF; I; Cash,7.0959468,125.6390058,"{""internal_id"":""cmitxgn480007uxa4g1qd6fvp"",""availability_raw"":""FS"",""system_status"":""active"",""links"":{""media"":"""",""title"":"""",""td"":"""",""sm"":""""},""lot"":{""lot_area_sqm"":212,""terrain"":""F""}}"
rafael-castillo-r-castillo-street-davao-city,"Rafael Castillo, R. Castillo Street, Davao City",Land,published,12000000,"R. Castillo Street, Rafael Castillo, Agdao District, Buhangin District, Davao City, Davao Region, 8000, Philippines",Davao City,Davao City,Davao Region,Buhangin District,Commercial,buy,BF; I; Cash,7.0959902,125.6374114,"{""internal_id"":""cmitxis8d0008uxa45tbwv9oe"",""availability_raw"":""FS"",""system_status"":""active"",""remarks"":""with Lis Pendens - other listing atong owner sa priscilla ug 12.5M damosa."",""links"":{""media"":"""",""title"":"""",""td"":"""",""sm"":""""},""lot"":{""lot_area_sqm"":550,""terrain"":""F""}}"
purok-7-davao-city,"Purok 7, Davao City",Land,published,396000000,"Purok 7, Tugbok District, Davao City, Davao Region, 8000, Philippines",Davao City,Davao City,Davao Region,Tugbok District,Residential,buy,BF; I; Cash,7.1177497,125.5052041,"{""internal_id"":""cmitxw69g0009uxa4pfn5guwb"",""availability_raw"":""FS"",""system_status"":""active"",""remarks"":""Clean Title"",""links"":{""media"":""https://drive.google.com/drive/folders/13xQ31D2LsWlNJvL7RWs7PtfdEuYRVppp?usp=drive_link"",""title"":"""",""td"":"""",""sm"":"""",""fbg"":""https://www.facebook.com/share/p/1SSMHcVsYh/""},""lot"":{""lot_area_sqm"":220000,""terrain"":""F""}}"
coconut-davao-city,"Coconut, Davao City",Land,published,7500000,"Coconut, Tugbok District, Davao City, Davao Region, 8000, Philippines",Davao City,Davao City,Davao Region,Tugbok District,Residential,buy,Cash,7.1249473,125.4399623,"{""internal_id"":""cmity834m000buxa4bxz00g23"",""availability_raw"":""FS"",""system_status"":""active"",""remarks"":""Total of 5,978 sqm lot; 5,000 sqm only is for sale (Reason: 978 sqm remaining lot for Family common purposes)"",""links"":{""media"":""https://drive.google.com/drive/folders/1wZp4x7PW18BAWbJ_IpemgQ3dBmmFNej8?usp=drive_link"",""title"":"""",""td"":"""",""sm"":"""",""fbg"":""https://www.facebook.com/groups/1252791732721074/posts/1280561503277430/""},""lot"":{""lot_area_sqm"":5000,""terrain"":""F""}}"
bayog-purok-4-davao-city,"Bayog, Purok 4, Davao City",Land,published,123200000,"Purok 4, Bayog, Tugbok District, Davao City, Davao Region, 8000, Philippines",Davao City,Davao City,Davao Region,Tugbok District,Residential,buy,BF; I; Cash,7.1309136,125.5347459,"{""internal_id"":""cmityansg000cuxa4tl73j5ep"",""availability_raw"":""FS"",""system_status"":""active"",""links"":{""media"":"""",""title"":"""",""td"":"""",""sm"":""""},""lot"":{""lot_area_sqm"":154000,""terrain"":""F""}}"
hawaii-street-deca-homes-4-davao-city,"Hawaii Street, Deca Homes 4, Davao City",Land,published,1000000,"Hawaii Street, Deca Homes 4, Tugbok District, Davao City, Davao Region, 8000, Philippines",Davao City,Davao City,Davao Region,Tugbok District,Residential,buy,BF; I; Cash,7.1119097,125.4945997,"{""internal_id"":""cmityhlzm000euxa4u4fqvyx3"",""availability_raw"":""FS"",""system_status"":""active"",""links"":{""media"":"""",""title"":"""",""td"":"""",""sm"":""""},""lot"":{""lot_area_sqm"":120,""terrain"":""F""}}"
illinois-street-deca-homes-2-davao-city,"Illinois Street, Deca Homes 2, Davao City",Land,published,1700000,"Illinois Street, Deca Homes 2, Tugbok District, Davao City, Davao Region, 8000, Philippines",Davao City,Davao City,Davao Region,Tugbok District,Residential,buy,BF; I; Cash,7.1065309,125.4976193,"{""internal_id"":""cmityk6ek000fuxa45lqutjoy"",""availability_raw"":""FS"",""system_status"":""active"",""remarks"":""Patrick"",""links"":{""media"":"""",""title"":"""",""td"":"""",""sm"":""""},""lot"":{""lot_area_sqm"":120,""terrain"":""F""}}"
purok-1-davao-city,"Purok 1, Davao City",Land,published,1200000,"Purok 1, Tugbok District, Davao City, Davao Region, 8000, Philippines",Davao City,Davao City,Davao Region,Tugbok District,Residential,buy,BF; I; Cash,7.1492479,125.5027286,"{""internal_id"":""cmityliu6000guxa4ro9xtm8m"",""availability_raw"":""FS"",""system_status"":""active"",""remarks"":""Marissa"",""links"":{""media"":"""",""title"":"""",""td"":"""",""sm"":""""},""lot"":{""lot_area_sqm"":606,""terrain"":""F""}}"
balintong-purok-3-davao-city,"Balintong, Purok 3, Davao City",Land,published,35000000,"Purok 3, Balintong, Calinan, Davao City, Davao Region, 8000, Philippines",Davao City,Davao City,Davao Region,,Residential,buy,BF; I; Cash,7.1772156,125.4814174,"{""internal_id"":""cmitys90f000huxa4607sj6xq"",""availability_raw"":""FS"",""system_status"":""active"",""remarks"":""Pictures to follow - Joy Evans, Liezle Boa, Ruth Ramirez"",""links"":{""media"":""https://drive.google.com/drive/folders/1AL1YKCZMax9LatYp3uf81zJIZ67uM1U-?usp=drive_link"",""title"":"""",""td"":"""",""sm"":""""},""lot"":{""lot_area_sqm"":4000,""terrain"":""F""}}"
purok-4-davao-city,"Purok 4, Davao City",Land,published,212110000,"Purok 4, Bunawan District, Davao City, Davao Region, 8000, Philippines",Davao City,Davao City,Davao Region,Bunawan District,Commercial,buy,Cash,7.1644431,125.6400212,"{""internal_id"":""cmitz91nr000juxa4622ng34p"",""availability_raw"":""FS"",""system_status"":""active"",""links"":{""media"":""https://drive.google.com/drive/folders/100qP9GwKJnrvwJIULeolOmEmMNc0bvm1?usp=drive_link"",""title"":"""",""td"":"""",""sm"":"""",""fbg"":""https://www.facebook.com/groups/dvorealty/posts/8933778766653338/""},""lot"":{""lot_area_sqm"":21211,""terrain"":""F""}}"
gatungan-callawa-road-purok-4-davao-city-davao-del-norte,"Gatungan-Callawa Road, Purok 4, Davao City, Davao del Norte",Land,published,20000000,"Gatungan-Callawa Road, Purok 4, Bunawan District, Santa Cruz, Davao City, Davao del Norte, Davao Region, 8105, Philippines","Davao City, Davao del Norte","Davao City, Davao del Norte",Davao Region,"Bunawan District, Santa Cruz",Residential,buy,BF; I; Cash,7.2177987,125.5942283,"{""internal_id"":""cmitzbhcw000kuxa4mv8ojxn5"",""availability_raw"":""FS"",""system_status"":""active"",""links"":{""media"":""https://drive.google.com/drive/folders/100qP9GwKJnrvwJIULeolOmEmMNc0bvm1?usp=drive_link"",""title"":"""",""td"":"""",""sm"":"""",""fbg"":""https://www.facebook.com/groups/dvorealty/posts/8933778766653338/""},""lot"":{""lot_area_sqm"":19695,""terrain"":""F""}}"
indangan-ilang-road-purok-1-b-davao-city,"Indangan-Ilang Road, Purok 1-B, Davao City",Land,published,61300000,"Indangan-Ilang Road, Purok 1-B, Bunawan District, Mudiang, Davao City, Davao Region, 8000, Philippines",Davao City,Davao City,Davao Region,"Bunawan District, Mudiang",Commercial,buy,BF; I; Cash,7.1791135,125.6139729,"{""internal_id"":""cmitzlggb000muxa4wr7v7ida"",""availability_raw"":""FS"",""system_status"":""active"",""remarks"":""clean"",""links"":{""media"":""https://drive.google.com/drive/folders/1rjacVIhy_KpiJFI0FebH7ykByKWVvZ8r?usp=drive_link"",""title"":"""",""td"":"""",""sm"":"""",""fbg"":""https://www.facebook.com/groups/1252791732721074/posts/1299090148091232/""},""lot"":{""lot_area_sqm"":17517,""terrain"":""F""}}"
valle-verde-avenue-valle-verde-davao-city,"Valle Verde Avenue, Valle Verde, Davao City",Land,published,2400000,"Valle Verde Avenue, Valle Verde, Bunawan District, Davao City, Davao Region, 8000, Philippines",Davao City,Davao City,Davao Region,Bunawan District,Residential,buy,BF,7.1485644,125.6556481,"{""internal_id"":""cmitzrrzy000nuxa4pftile87"",""availability_raw"":""FS"",""system_status"":""active"",""remarks"":""2M net owner|no picture and map"",""links"":{""media"":""https://drive.google.com/drive/folders/19xcUGebXf8QfeFfCibjn5sKCpzVj4ruc?usp=drive_link"",""title"":"""",""td"":"""",""sm"":"""",""fbg"":""https://www.facebook.com/groups/1252791732721074/posts/1347442466589333/""},""lot"":{""lot_area_sqm"":120,""terrain"":""F""}}"
bilbao-street-valle-verde-davao-city,"Bilbao Street, Valle Verde, Davao City",Land,published,2400000,"Bilbao Street, Valle Verde, Bunawan District, Davao City, Davao Region, 8000, Philippines",Davao City,Davao City,Davao Region,Bunawan District,Residential,buy,BF,7.1487739,125.6558689,"{""internal_id"":""cmitzv77v000ouxa4bsh40d1c"",""availability_raw"":""FS"",""system_status"":""active"",""remarks"":""2M net owner| pwede separate ang pagbaligya"",""links"":{""media"":""https://drive.google.com/drive/folders/19xcUGebXf8QfeFfCibjn5sKCpzVj4ruc?usp=drive_link"",""title"":"""",""td"":"""",""sm"":"""",""fbg"":""https://www.facebook.com/groups/1252791732721074/posts/1347442466589333/""},""lot"":{""lot_area_sqm"":120,""terrain"":""F""}}"
purok-5-davao-city,"Purok 5, Davao City",Land,published,3000000,"Purok 5, Communal, Buhangin District, Davao City, Davao Region, 8000, Philippines",Davao City,Davao City,Davao Region,Buhangin District,Residential,buy,Cash,7.1534185,125.6237385,"{""internal_id"":""cmitzylif000puxa4m06ksuva"",""availability_raw"":""FS"",""system_status"":""active"",""links"":{""media"":""https://drive.google.com/drive/folders/11tqBGqt3_8kwd6maKY9EqwqRbl-M8B7X?usp=drive_link"",""title"":"""",""td"":"""",""sm"":""""},""lot"":{""lot_area_sqm"":600,""terrain"":""F""}}"
purok-5-davao-city-2,"Purok 5, Davao City",Land,published,1000000,"Purok 5, Communal, Buhangin District, Davao City, Davao Region, 8000, Philippines",Davao City,Davao City,Davao Region,Buhangin District,Residential,buy,Cash,7.1533169,125.6238567,"{""internal_id"":""cmiu010xs000quxa460y0fe4k"",""availability_raw"":""FS"",""system_status"":""active"",""remarks"":""net no comm 3500/sqm"",""links"":{""media"":""https://drive.google.com/drive/folders/11tqBGqt3_8kwd6maKY9EqwqRbl-M8B7X?usp=drive_link"",""title"":"""",""td"":"""",""sm"":""""},""lot"":{""lot_area_sqm"":249,""terrain"":""F""}}"
barangay-36-d-s-artiaga-street-davao-city,"Barangay 36-D, S. Artiaga Street, Davao City",Land,published,25000000,"Chejenlou Dormitory, S. Artiaga Street, Barangay 36-D, Poblacion District, Davao City, Davao Region, 8000, Philippines",Davao City,Davao City,Davao Region,Poblacion District,Commercial,buy,BF; I; Cash,7.0665028,125.6130678,"{""internal_id"":""cmiu0j511000xuxa4nq2n1h45"",""availability_raw"":""FS"",""system_status"":""active"",""remarks"":""w/ existing 3-Storey Old Bldg"",""links"":{""media"":""https://drive.google.com/drive/folders/1wSIua6HSDpBoRvV1d6j6oFJOTqocDQtI?usp=drive_link"",""title"":"""",""td"":"""",""sm"":"""",""fbg"":""https://www.facebook.com/groups/1252791732721074/posts/1284928769507370/""},""lot"":{""lot_area_sqm"":111,""terrain"":""F""}}"
barangay-34-d-walk-in-alley-davao-city,"Barangay 34-D, Walk-In Alley, Davao City",Land,published,25000000,"Walk-In Alley, Barangay 34-D, Poblacion District, Davao City, Davao Region, 8000, Philippines",Davao City,Davao City,Davao Region,Poblacion District,Commercial,buy,BF; I; Cash,7.0704515,125.6105824,"{""internal_id"":""cmiu0mnxr000yuxa4g8jk4cf3"",""availability_raw"":""FS"",""system_status"":""active"",""remarks"":""w/ existing 1-Storey Store"",""links"":{""media"":""https://drive.google.com/drive/folders/1MX-a18zTThDe9tL1qBg8DhI4FhJVFBj3?usp=drive_link"",""title"":""https://drive.google.com/drive/folders/1LMepxMCWhi2NM-SQeAIiUOAT9rzIj9et"",""td"":"""",""sm"":"""",""fbg"":""https://www.facebook.com/groups/620083160870310/posts/627467456798547/""},""lot"":{""lot_area_sqm"":342,""terrain"":""F""}}"
marfori-heights-turquoise-street-davao-city,"Marfori Heights, Turquoise Street, Davao City",Land,published,10800000,"Yogu, Turquoise Street, Marfori Heights, Barangay 9-A, Poblacion District, Davao City, Davao Region, 8000, Philippines",Davao City,Davao City,Davao Region,Poblacion District,Residential,buy,BF; I; Cash,7.0808212,125.6004386,"{""internal_id"":""cmiu0qbd2000zuxa4a3500dmx"",""availability_raw"":""FS"",""system_status"":""active"",""remarks"":""w/ existing dilapidated concrete house"",""links"":{""media"":""https://drive.google.com/drive/folders/1nm1pnFR8g4edtEIBLInRz_fIM9RPrCiM?usp=drive_link"",""title"":""https://drive.google.com/drive/folders/1fFUpFqS5710kzdDhe9MTtpShqSqvum7t"",""td"":"""",""sm"":"""",""fbg"":""https://www.facebook.com/groups/1252791732721074/posts/1305682744098639/""},""lot"":{""lot_area_sqm"":300,""terrain"":""F""}}"
marfori-heights-topaz-street-davao-city,"Marfori Heights, Topaz Street, Davao City",Land,published,36000000,"B6 L22, Topaz Street, Marfori Heights, Barangay 9-A, Poblacion District, Davao City, Davao Region, 8000, Philippines",Davao City,Davao City,Davao Region,Poblacion District,Residential,buy,BF; I; Cash,7.081278,125.6012591,"{""internal_id"":""cmiu0sfix0010uxa4asrp5p3q"",""availability_raw"":""FS"",""system_status"":""active"",""remarks"":""w/ income generating 3 -Storey Apartment"",""links"":{""media"":""https://drive.google.com/drive/folders/12qv3XmNULR2iuCa5z1RY-WObHTmJkHr6?usp=drive_link"",""title"":"""",""td"":"""",""sm"":"""",""fbg"":""https://www.facebook.com/groups/620083160870310/posts/623880943823865/""},""lot"":{""lot_area_sqm"":450,""terrain"":""F""}}"
barangay-18-b-alzate-street-davao-city,"Barangay 18-B, Alzate Street, Davao City",Land,published,40000000,"Alzate Street, Barangay 18-B, Poblacion District, Davao City, Davao Region, 8000, Philippines",Davao City,Davao City,Davao Region,Poblacion District,Residential,buy,BF; I; Cash,7.084018,125.6137877,"{""internal_id"":""cmiu0uojq0011uxa49cvilh1k"",""availability_raw"":""FS"",""system_status"":""active"",""remarks"":""w/ existing 2-Storey Lightweight House"",""links"":{""media"":""https://drive.google.com/drive/folders/18TnwxStoWyuAPkZ2WUGQxfScy9Xd7KIy?usp=drive_link"",""title"":""https://drive.google.com/drive/folders/1TR_Zt9zot61xbzd0ItuUmmIj1O2_adYU"",""td"":"""",""sm"":"""",""fbg"":""https://www.facebook.com/groups/1252791732721074/posts/1293651775301736/""},""lot"":{""lot_area_sqm"":320,""terrain"":""F""}}"
barangay-17-b-t-palma-gil-street-davao-city,"Barangay 17-B, T. Palma Gil Street, Davao City",Land,published,27500000,"T. Palma Gil Street, Barangay 17-B, Poblacion District, Davao City, Davao Region, 8000, Philippines",Davao City,Davao City,Davao Region,Poblacion District,Commercial,buy,BF; I; Cash,7.0846857,125.6177456,"{""internal_id"":""cmiu0xlpp0012uxa4m5phk3hw"",""availability_raw"":""FS"",""system_status"":""active"",""remarks"":""w/ existing Old Bungalow House"",""links"":{""media"":""https://drive.google.com/drive/folders/11QORxl6eSu7jSRno7LRKHQqi1Dt1_d07?usp=drive_link"",""title"":"""",""td"":"""",""sm"":"""",""fbg"":""https://www.facebook.com/share/p/1Gg7cXMfFR/""},""lot"":{""lot_area_sqm"":320,""terrain"":""F""}}"
gravahan-kalye-pogi-davao-city,"Gravahan, Kalye Pogi, Davao City",Land,published,4000000,"Kalye Pogi, Gravahan, Ma-a, Talomo District, Davao City, Davao Region, 8000, Philippines",Davao City,Davao City,Davao Region,Talomo District,Commercial,buy,BF; I; Cash,7.0647104,125.5992593,"{""internal_id"":""cmiu103d30013uxa4909yj4eo"",""availability_raw"":""FS"",""system_status"":""active"",""remarks"":""Open Lot"",""links"":{""media"":""https://drive.google.com/drive/folders/1WUuoKYMllTtlE0-N7dFlWnPO_CfwXDvD?usp=drive_link"",""title"":""https://drive.google.com/drive/folders/1TvEIzYiDONfhykBw7sl2VxE8Si-Y60ah"",""td"":"""",""sm"":"""",""fbg"":""https://www.facebook.com/groups/620083160870310/posts/623865800492046/""},""lot"":{""lot_area_sqm"":96,""terrain"":""F""}}"
barangay-32-d-m-roxas-avenue-davao-city,"Barangay 32-D, M. Roxas Avenue, Davao City",Land,published,27000000,"M. Roxas Avenue, Barangay 32-D, Poblacion District, Davao City, Davao Region, 8000, Philippines",Davao City,Davao City,Davao Region,Poblacion District,Commercial,buy,BF; I; Cash,7.0678336,125.6158196,"{""internal_id"":""cmiu12sfv0014uxa4x2xgo151"",""availability_raw"":""FS"",""system_status"":""active"",""remarks"":""w/ existing dilapidated light material house"",""links"":{""media"":""https://drive.google.com/drive/folders/1hm2Rh-ZYeAslWnNogxdhvMZCcr2zTn4O?usp=drive_link"",""title"":""https://drive.google.com/drive/folders/1q1yqRrUpppFPNlIER5HRNP53ITPHLlZ5"",""td"":"""",""sm"":"""",""fbg"":""https://www.facebook.com/groups/620083160870310/posts/648905537988072/""},""lot"":{""lot_area_sqm"":239,""terrain"":""F""}}"
barangay-37-d-m-l-quezon-boulevard-davao-city,"Barangay 37-D, M. L. Quezon Boulevard, Davao City",Land,published,15000000,"M. L. Quezon Boulevard, Barangay 37-D, Poblacion District, Davao City, Davao Region, 8000, Philippines",Davao City,Davao City,Davao Region,Poblacion District,Commercial,buy,BF; I; Cash,7.0654823,125.6153703,"{""internal_id"":""cmiu15iwh0015uxa42lrbje92"",""availability_raw"":""FS"",""system_status"":""active"",""remarks"":""2 Storey Commercial Building"",""links"":{""media"":""https://drive.google.com/drive/folders/1oZ4I6BrUcTrpBneotTAjpehqr81btV7H?usp=drive_link"",""title"":"""",""td"":"""",""sm"":"""",""fbg"":""https://www.facebook.com/groups/620083160870310/posts/639687422243217/""},""lot"":{""lot_area_sqm"":74,""terrain"":""F""}}"
barangay-37-d-m-l-quezon-boulevard-davao-city-2,"Barangay 37-D, M. L. Quezon Boulevard, Davao City",Land,published,25000000,"M. L. Quezon Boulevard, Barangay 37-D, Poblacion District, Davao City, Davao Region, 8000, Philippines",Davao City,Davao City,Davao Region,Poblacion District,Commercial,buy,BF; I; Cash,7.065433,125.6153104,"{""internal_id"":""cmiu17vrg0016uxa4ti0trblc"",""availability_raw"":""FS"",""system_status"":""active"",""remarks"":""3 Storey Commercial Building "",""links"":{""media"":""https://drive.google.com/drive/folders/17NFomdLkUCCZ29X1Qizn1xx6cHjgJD-o?usp=drive_link"",""title"":"""",""td"":"""",""sm"":"""",""fbg"":""https://www.facebook.com/groups/620083160870310/posts/639693182242641/""},""lot"":{""lot_area_sqm"":73,""terrain"":""F""}}"
santo-rosario-palm-drive-sandawa-village-2-davao-city,"Santo Rosario, Palm Drive, Sandawa Village 2, Davao City",Land,published,166320000,"Landbank, Palm Drive, Sandawa Village 2, Santo Rosario, Buhangin, Buhangin District, Davao City, Davao Region, 8000, Philippines",Davao City,Davao City,Davao Region,Buhangin District,Commercial,buy,BF; I; Cash,7.0983331,125.6172015,"{""internal_id"":""cmiu1b5we0017uxa4cm8e6w5x"",""availability_raw"":""FS"",""system_status"":""active"",""remarks"":""Corner Lot"",""links"":{""media"":""https://drive.google.com/drive/folders/1FKOoJwUBgbjQl42Vwcz2ZE0XvPjgi0zh?usp=drive_link"",""title"":""https://drive.google.com/drive/folders/17Tj8yPrlyRXVuCszvszchGdwGWxhaP3w"",""td"":"""",""sm"":"""",""fbg"":""https://www.facebook.com/share/p/16sqcbCtpY/""},""lot"":{""lot_area_sqm"":2079,""terrain"":""F""}}"
barangay-10-a-alley-1046-purok-1-davao-city,"Barangay 10-A, Alley 1046, Purok 1, Davao City",Land,published,25000000,"Independent Baptist Churches in the Philippines Inc., 739-3b, Alley 1046, Purok 1, Barangay 10-A, Poblacion District, Davao City, Davao Region, 8000, Philippines",Davao City,Davao City,Davao Region,Poblacion District,Residential,buy,BF; I; Cash,7.0768724,125.6073434,"{""internal_id"":""cmiu1cryz0018uxa451eris9j"",""availability_raw"":""FS"",""system_status"":""active"",""links"":{""media"":""https://drive.google.com/drive/folders/1Nfz7JNn-9ZxalWtTsrWLAZFcSE1_qZXK?usp=drive_link"",""title"":"""",""td"":"""",""sm"":"""",""fbg"":""https://www.facebook.com/groups/620083160870310/posts/721054714106487/""},""lot"":{""lot_area_sqm"":485,""terrain"":""F""}}"
quimpo-boulevard-robillo-compound-davao-city,"Quimpo Boulevard, Robillo Compound, Davao City",Land,published,150000000,"SouthPort Auto Center, Quimpo Boulevard, Robillo Compound, 76-A Bucana, Talomo District, Davao City, Davao Region, 8000, Philippines",Davao City,Davao City,Davao Region,Talomo District,Commercial,buy,BF; I; Cash,7.0558869,125.6003107,"{""internal_id"":""cmiu1g0j70019uxa4ptvmx4is"",""availability_raw"":""FS"",""system_status"":""active"",""links"":{""media"":""https://drive.google.com/drive/folders/1eA4rrxo5l2CC4SRU9sedPNAoT0CHKEjh?usp=drive_link"",""title"":"""",""td"":"""",""sm"":""""},""lot"":{""lot_area_sqm"":1000,""terrain"":""F""}}"
barangay-30-c-governor-chavez-street-davao-city,"Barangay 30-C, Governor Chavez Street, Davao City",Land,published,15000000,"Governor Chavez Street, Barangay 30-C, Poblacion District, Davao City, Davao Region, 8000, Philippines",Davao City,Davao City,Davao Region,Poblacion District,Commercial,buy,BF; I; Cash,7.0747355,125.6175385,"{""internal_id"":""cmiu1hidz001auxa4wv3974xr"",""availability_raw"":""FS"",""system_status"":""active"",""links"":{""media"":""https://drive.google.com/drive/folders/1TzZQeLdcsF2gUqzrZaPK5ASzq_AAwGv2?usp=drive_link"",""title"":""https://drive.google.com/drive/folders/1WYrcht1Bw0bAVff9ZWQf0JdFJPle3hN-?usp=drive_link"",""td"":"""",""sm"":""""},""lot"":{""lot_area_sqm"":75,""terrain"":""F""}}"
gladiola-street-northcrest-davao-city,"Gladiola Street, Northcrest, Davao City",Land,published,7500000,"Gladiola Street, Northcrest, Cabantian, Buhangin District, Davao City, Davao Region, 8000, Philippines",Davao City,Davao City,Davao Region,Buhangin District,Residential,buy,Cash,7.1293047,125.6096479,"{""internal_id"":""cmiu5wx4q001buxa4uxknd7ik"",""availability_raw"":""FS"",""system_status"":""active"",""links"":{""media"":""https://drive.google.com/drive/folders/115i8JRFXFlU4xDtmQ1MzhFa7pUupxB-b?usp=drive_link"",""title"":"""",""td"":"""",""sm"":"""",""fbg"":""https://www.facebook.com/groups/1252791732721074/posts/1261175791882668/""},""lot"":{""lot_area_sqm"":250,""terrain"":""F""}}"
camomile-street-northcrest-davao-city,"Camomile Street, Northcrest, Davao City",Land,published,9000000,"Camomile Street, Northcrest, Tigatto, Buhangin District, Davao City, Davao Region, 8000, Philippines",Davao City,Davao City,Davao Region,Buhangin District,Residential,buy,Cash,7.129674,125.6064646,"{""internal_id"":""cmiu5yvwt001cuxa4tvbxwxt5"",""availability_raw"":""FS"",""system_status"":""active"",""links"":{""media"":""https://drive.google.com/drive/folders/1dL6xLWktYJ5lQvk-y3s4cW1g5_CKgA6G?usp=drive_link"",""title"":"""",""td"":"""",""sm"":"""",""fbg"":""https://www.facebook.com/share/p/16hGJL7fad/""},""lot"":{""lot_area_sqm"":300,""terrain"":""F""}}"
magnolia-street-northcrest-davao-city,"Magnolia Street, Northcrest, Davao City",Land,published,7015000,"Magnolia Street, Northcrest, Cabantian, Buhangin District, Davao City, Davao Region, 8000, Philippines",Davao City,Davao City,Davao Region,Buhangin District,Residential,buy,BF,7.1305213,125.6098304,"{""internal_id"":""cmiu60wex001duxa4xmog8cs9"",""availability_raw"":""FS"",""system_status"":""active"",""remarks"":""25,000 net na ni seller without comm"",""links"":{""media"":""https://drive.google.com/drive/folders/1F0Yjhp6w7iN2IVTYz7GWtNFRyRncEsXG?usp=drive_link"",""title"":"""",""td"":"""",""sm"":"""",""fbg"":""https://www.facebook.com/share/p/18mfE6Nkr6/""},""lot"":{""lot_area_sqm"":305,""terrain"":""F""}}"
bass-wood-street-northcrest-davao-city,"Bass Wood Street, Northcrest, Davao City",Land,published,13216000,"Bass Wood Street, Northcrest, Cabantian, Buhangin District, Davao City, Davao Region, 8000, Philippines",Davao City,Davao City,Davao Region,Buhangin District,Residential,buy,BF; I; Cash,7.1207984,125.6118872,"{""internal_id"":""cmiu66wxd001euxa48ib9gzju"",""availability_raw"":""FS"",""system_status"":""active"",""links"":{""media"":""https://drive.google.com/drive/folders/1B-xvWbllRi0TY3o_DIEjLkOSqdJRbn1N?usp=drive_link"",""title"":"""",""td"":"""",""sm"":"""",""fbg"":""https://www.facebook.com/share/p/1XacMKzZTi/""},""lot"":{""lot_area_sqm"":413,""terrain"":""F""}}"
bass-wood-street-northcrest-davao-city-2,"Bass Wood Street, Northcrest, Davao City",Land,published,14980000,"Bass Wood Street, Northcrest, Cabantian, Buhangin District, Davao City, Davao Region, 8000, Philippines",Davao City,Davao City,Davao Region,Buhangin District,Residential,buy,BF; I; Cash,7.1213142,125.6121174,"{""internal_id"":""cmiu6991c001fuxa4hxoegmb6"",""availability_raw"":""FS"",""system_status"":""active"",""links"":{""media"":""https://drive.google.com/drive/folders/1-8liRX9bg9ZNOfCYqsNKmdNbxGUnqPBt?usp=drive_link"",""title"":"""",""td"":"""",""sm"":"""",""fbg"":""https://www.facebook.com/share/p/193QZKK4kJ/""},""lot"":{""lot_area_sqm"":428,""terrain"":""F""}}"
rose-street-northcrest-davao-city,"Rose Street, Northcrest, Davao City",Land,published,3300000,"Rose Street, Northcrest, Tigatto, Buhangin District, Davao City, Davao Region, 8000, Philippines",Davao City,Davao City,Davao Region,Buhangin District,Residential,buy,I; Cash,7.129088,125.6065257,"{""internal_id"":""cmiu6bfs3001guxa47k8elikb"",""availability_raw"":""FS"",""system_status"":""active"",""remarks"":""OTHER REALTY"",""links"":{""media"":""https://drive.google.com/drive/folders/1SW7NnqRftZp3Cgt4-hd-ijMecj8uXR9w?usp=drive_link"",""title"":"""",""td"":"""",""sm"":"""",""fbg"":""https://www.facebook.com/share/p/1F1kXYBkGs/""},""lot"":{""lot_area_sqm"":150,""terrain"":""F""}}"
rose-street-northcrest-davao-city-2,"Rose Street, Northcrest, Davao City",Land,published,4008000,"Rose Street, Northcrest, Tigatto, Buhangin District, Davao City, Davao Region, 8000, Philippines",Davao City,Davao City,Davao Region,Buhangin District,Residential,buy,I; Cash,7.1290705,125.6064468,"{""internal_id"":""cmiu6dsn5001huxa4yqz6od3n"",""availability_raw"":""FS"",""system_status"":""active"",""remarks"":""OTHER REALTY"",""links"":{""media"":""https://drive.google.com/drive/folders/1SW7NnqRftZp3Cgt4-hd-ijMecj8uXR9w?usp=drive_link"",""title"":"""",""td"":"""",""sm"":"""",""fbg"":""https://www.facebook.com/share/p/19NWhLSbRx/""},""lot"":{""lot_area_sqm"":167,""terrain"":""F""}}"
northtown-drive-northtown-davao-city,"Northtown Drive, Northtown, Davao City",Land,published,21546000,"Northtown Drive, Northtown, Buhangin District, Davao City, Davao Region, 8000, Philippines",Davao City,Davao City,Davao Region,Buhangin District,Residential,buy,BF,7.1391666,125.5971034,"{""internal_id"":""cmiu6glva001iuxa4hvyrj61k"",""availability_raw"":""FS"",""system_status"":""active"",""remarks"":""net ni seller is 20M"",""links"":{""media"":""https://drive.google.com/drive/folders/187wsNcya9-pJD-pPeG668pJ8Fa5M2HnL?usp=drive_link"",""title"":"""",""td"":"""",""sm"":"""",""fbg"":""https://www.facebook.com/share/p/1aRMPyRv4C/""},""lot"":{""lot_area_sqm"":567,""terrain"":""F""}}"
dao-street-narra-park-davao-city,"Dao Street, Narra Park, Davao City",Land,published,3456000,"Dao Street, Narra Park, Tigatto, Buhangin District, Davao City, Davao Region, 8000, Philippines",Davao City,Davao City,Davao Region,Buhangin District,Residential,buy,Cash,7.126663,125.5904874,"{""internal_id"":""cmiu6ia47001juxa4mtk8prxs"",""availability_raw"":""FS"",""system_status"":""active"",""links"":{""media"":""https://drive.google.com/drive/folders/1-c3Nw4h__ghMBZNLNoHkuhJIngcyWXJi?usp=drive_link"",""title"":"""",""td"":"""",""sm"":"""",""fbg"":""https://www.facebook.com/groups/1252791732721074/search/?q=narra""},""lot"":{""lot_area_sqm"":192,""terrain"":""F""}}"
durian-street-narra-park-davao-city,"Durian Street, Narra Park, Davao City",Land,published,2275000,"Durian Street, Narra Park, Tigatto, Buhangin District, Davao City, Davao Region, 8000, Philippines",Davao City,Davao City,Davao Region,Buhangin District,Residential,buy,Cash,7.1259224,125.5911725,"{""internal_id"":""cmiu6kkfk001kuxa4nn3us7sd"",""availability_raw"":""FS"",""system_status"":""active"",""links"":{""media"":""https://drive.google.com/drive/folders/1-c3Nw4h__ghMBZNLNoHkuhJIngcyWXJi?usp=drive_link"",""title"":"""",""td"":"""",""sm"":"""",""fbg"":""https://www.facebook.com/groups/1252791732721074/search/?q=narra""},""lot"":{""lot_area_sqm"":130,""terrain"":""F""}}"
durian-street-narra-park-davao-city-2,"Durian Street, Narra Park, Davao City",Land,published,2275000,"Durian Street, Narra Park, Tigatto, Buhangin District, Davao City, Davao Region, 8000, Philippines",Davao City,Davao City,Davao Region,Buhangin District,Residential,buy,Cash,7.1259978,125.5910812,"{""internal_id"":""cmiu6mlcc001luxa4mkz880tg"",""availability_raw"":""FS"",""system_status"":""active"",""links"":{""media"":""https://drive.google.com/drive/folders/1-c3Nw4h__ghMBZNLNoHkuhJIngcyWXJi?usp=drive_link"",""title"":"""",""td"":"""",""sm"":"""",""fbg"":""https://www.facebook.com/groups/1252791732721074/search/?q=narra""},""lot"":{""lot_area_sqm"":130,""terrain"":""F""}}"
durian-street-narra-park-davao-city-3,"Durian Street, Narra Park, Davao City",Land,published,2275000,"Durian Street, Narra Park, Tigatto, Buhangin District, Davao City, Davao Region, 8000, Philippines",Davao City,Davao City,Davao Region,Buhangin District,Residential,buy,Cash,7.1260786,125.5909833,"{""internal_id"":""cmiu6ohvr001muxa4k6sbpmat"",""availability_raw"":""FS"",""system_status"":""active"",""links"":{""media"":""https://drive.google.com/drive/folders/1-c3Nw4h__ghMBZNLNoHkuhJIngcyWXJi?usp=drive_link"",""title"":"""",""td"":"""",""sm"":"""",""fbg"":""https://www.facebook.com/groups/1252791732721074/search/?q=narra""},""lot"":{""lot_area_sqm"":130,""terrain"":""F""}}"
durian-street-narra-park-davao-city-4,"Durian Street, Narra Park, Davao City",Land,published,3618000,"Durian Street, Narra Park, Tigatto, Buhangin District, Davao City, Davao Region, 8000, Philippines",Davao City,Davao City,Davao Region,Buhangin District,Residential,buy,Cash,7.1258831,125.5912201,"{""internal_id"":""cmiu6pum5001nuxa4q17uodre"",""availability_raw"":""FS"",""system_status"":""active"",""links"":{""media"":""https://drive.google.com/drive/folders/1-c3Nw4h__ghMBZNLNoHkuhJIngcyWXJi?usp=drive_link"",""title"":"""",""td"":"""",""sm"":"""",""fbg"":""https://www.facebook.com/groups/1252791732721074/search/?q=narra""},""lot"":{""lot_area_sqm"":201,""terrain"":""F""}}"
communal-road-san-miguel-davao-city,"Communal Road, San Miguel, Davao City",Land,published,10000000,"Communal Road, San Miguel, Cabantian, Buhangin District, Davao City, Davao Region, 8000, Philippines",Davao City,Davao City,Davao Region,Buhangin District,Residential,buy,5500,7.1325269,125.6246992,"{""internal_id"":""cmiu6vohh001puxa48xvt3hh8"",""availability_raw"":""FS"",""system_status"":""active"",""links"":{""media"":""https://drive.google.com/drive/folders/1Ua4oWCITj7eFxYN6Id3wIIfOZa7w6Nwz?usp=drive_link"",""title"":"""",""td"":"""",""sm"":"""",""fbg"":""https://www.facebook.com/share/p/18HMofMWuV/""},""lot"":{""lot_area_sqm"":840,""terrain"":""F""}}"
jasmine-street-davao-city,"Jasmine Street, Davao City",Land,published,12650000,"Jasmine Street, Montclair Highlands, Buhangin, Buhangin District, Davao City, Davao Region, 8000, Philippines",Davao City,Davao City,Davao Region,Buhangin District,Residential,buy,BF; I; Cash,7.1091229,125.6065878,"{""internal_id"":""cmiu70f5u001quxa4xvmaxp4l"",""availability_raw"":""FS"",""system_status"":""active"",""links"":{""media"":""https://drive.google.com/drive/folders/1BTyTZ68FkmvkBUYVdWTSqYx-OeMA8Eti?usp=drive_link"",""title"":"""",""td"":"""",""sm"":"""",""fbg"":""https://www.facebook.com/groups/1252791732721074/posts/1304194630914117/""},""lot"":{""lot_area_sqm"":460,""terrain"":""F""}}"
daisy-street-davao-city,"Daisy Street, Davao City",Land,published,5600000,"Daisy Street, Montclair Highlands, Buhangin, Buhangin District, Davao City, Davao Region, 8000, Philippines",Davao City,Davao City,Davao Region,Buhangin District,Residential,buy,BF; I; Cash,7.1092301,125.6083485,"{""internal_id"":""cmiu72egf001ruxa4d03clpc7"",""availability_raw"":""FS"",""system_status"":""active"",""links"":{""media"":""https://drive.google.com/drive/folders/1C-PS7Bz0bgXhU_WPZU3O6ZR_LNYuvFnG?usp=drive_link"",""title"":"""",""td"":"""",""sm"":"""",""fbg"":""https://www.facebook.com/groups/1252791732721074/posts/1304198027580444/""},""lot"":{""lot_area_sqm"":200,""terrain"":""F""}}"
amakan-davao-city,"Amakan, Davao City",Land,published,9800000,"Amakan, Buhangin District, Davao City, Davao Region, 8000, Philippines",Davao City,Davao City,Davao Region,Buhangin District,Residential,buy,BF; I; Cash,7.142045,125.6035108,"{""internal_id"":""cmiu74j31001suxa4lddejs28"",""availability_raw"":""FS"",""system_status"":""active"",""location_remarks"":""Gilid ng Prestige Subdivision"",""links"":{""media"":"""",""title"":"""",""td"":"""",""sm"":""""},""lot"":{""lot_area_sqm"":1565,""terrain"":""F""}}"
san-miguel-davao-city,"San Miguel, Davao City",Land,published,11500000,"San Miguel, Buhangin District, Davao City, Davao Region, 8000, Philippines",Davao City,Davao City,Davao Region,Buhangin District,Residential,buy,BF; I; Cash,7.1715736,125.5997404,"{""internal_id"":""cmiu7705i001tuxa4iskyloya"",""availability_raw"":""FS"",""system_status"":""active"",""location_remarks"":""2nd lot from the corner - Farm lot pa pero warehouse ang neighboorhood"",""links"":{""media"":"""",""title"":"""",""td"":"""",""sm"":""""},""lot"":{""lot_area_sqm"":1000,""terrain"":""F""}}"
punad-village-bypass-road-pare-as-compound-davao-city,"Punad Village Bypass Road, Pareñas Compound, Davao City",Land,published,8085000,"Punad Village Bypass Road, Pareñas Compound, Buhangin District, Davao City, Davao Region, 8000, Philippines",Davao City,Davao City,Davao Region,Buhangin District,Commercial,buy,BF,7.1197875,125.635754,"{""internal_id"":""cmiu79ie6001vuxa4a7vy0xzr"",""availability_raw"":""FS"",""system_status"":""active"",""links"":{""media"":""https://drive.google.com/drive/folders/1sDOtiZtB1kyzCEKkLwHZT5VgB6LP2_zb?usp=drive_link"",""title"":"""",""td"":"""",""sm"":"""",""fbg"":""https://www.facebook.com/groups/620083160870310/posts/627426000136026/""},""lot"":{""lot_area_sqm"":147,""terrain"":""F""}}"
palosapis-street-nova-tierra-davao-city,"Palosapis Street, Nova Tierra, Davao City",Land,published,20000000,"B26 L4, Palosapis Street, Nova Tierra, Buhangin District, Davao City, Davao Region, 8000, Philippines",Davao City,Davao City,Davao Region,Buhangin District,Residential,buy,,7.1142488,125.6386943,"{""internal_id"":""cmiu7cla4001wuxa4sr6b6eg2"",""availability_raw"":""FS"",""system_status"":""active"",""remarks"":""Sold as one"",""transaction_remarks"":""Spot one lot then other lot 6 months no interest | bank "",""links"":{""media"":""https://drive.google.com/drive/folders/1T9PJv2vJ3O0S6Q30ZfZeIotPvi0Nu6hb?usp=drive_link"",""title"":"""",""td"":"""",""sm"":"""",""fbg"":""https://www.facebook.com/share/p/1DgP4cqbtd/""},""lot"":{""lot_area_sqm"":664,""terrain"":""F""}}"
sasalit-street-nova-tierra-davao-city,"Sasalit Street, Nova Tierra, Davao City",Land,published,30000000,"Sasalit Street, Nova Tierra, Buhangin District, Davao City, Davao Region, 8000, Philippines",Davao City,Davao City,Davao Region,Buhangin District,Residential,buy,BF; I; Cash,7.1142532,125.6394155,"{""internal_id"":""cmiu7ecbi001xuxa4xkqac6fw"",""availability_raw"":""FS"",""system_status"":""active"",""remarks"":""With existing Structures"",""links"":{""media"":"""",""title"":"""",""td"":"""",""sm"":""""},""lot"":{""lot_area_sqm"":810,""terrain"":""F""}}"
palisander-street-northtown-davao-city,"Palisander Street, Northtown, Davao City",Land,published,4100000,"Palisander Street, Northtown, Buhangin District, Davao City, Davao Region, 8000, Philippines",Davao City,Davao City,Davao Region,Buhangin District,Residential,buy,BF,7.1351725,125.6020113,"{""internal_id"":""cmiu7g6b1001yuxa427ulzn47"",""availability_raw"":""FS"",""system_status"":""active"",""links"":{""media"":""https://drive.google.com/drive/folders/1oqAJ2HfO5jDrrNWGvpps8U85wk3eqpHt?usp=drive_link"",""title"":"""",""td"":"""",""sm"":"""",""fbg"":""https://www.facebook.com/share/p/1FqARXFsHS/""},""lot"":{""lot_area_sqm"":164,""terrain"":""F""}}"
hyacinth-street-northtown-davao-city,"Hyacinth Street, Northtown, Davao City",Land,published,3667500,"Hyacinth Street, Northtown, Tigatto, Buhangin District, Davao City, Davao Region, 8000, Philippines",Davao City,Davao City,Davao Region,Buhangin District,Residential,buy,BF,7.1301067,125.6036817,"{""internal_id"":""cmiu7i8pe001zuxa4465pyvfj"",""availability_raw"":""FS"",""system_status"":""active"",""remarks"":""Can be sold seperately"",""links"":{""media"":""https://drive.google.com/drive/folders/10zP_nJvaS355OgGNjK6BzVImyur0fYUB?usp=drive_link"",""title"":"""",""td"":"""",""sm"":"""",""fbg"":""https://www.facebook.com/share/p/1J4moxFyrg/""},""lot"":{""lot_area_sqm"":163,""terrain"":""F""}}"
hyacinth-street-northtown-davao-city-2,"Hyacinth Street, Northtown, Davao City",Land,published,4410000,"Hyacinth Street, Northtown, Tigatto, Buhangin District, Davao City, Davao Region, 8000, Philippines",Davao City,Davao City,Davao Region,Buhangin District,Residential,buy,BF,7.1299857,125.6035836,"{""internal_id"":""cmiu7jp2h0020uxa4nlaidth0"",""availability_raw"":""FS"",""system_status"":""active"",""remarks"":""Can be sold seperately"",""links"":{""media"":""https://drive.google.com/drive/folders/10zP_nJvaS355OgGNjK6BzVImyur0fYUB?usp=drive_link"",""title"":"""",""td"":"""",""sm"":"""",""fbg"":""https://www.facebook.com/share/p/1cUPLckoQ6/""},""lot"":{""lot_area_sqm"":196,""terrain"":""F""}}"
saint-mary-street-mamay-village-davao-city,"Saint Mary Street, Mamay Village, Davao City",Land,published,6000000,"Saint Mary Street, Mamay Village, Buhangin District, Davao City, Davao Region, 8000, Philippines",Davao City,Davao City,Davao Region,Buhangin District,Residential,buy,BF,7.1116062,125.6313125,"{""internal_id"":""cmiu7tims0021uxa43odw840x"",""availability_raw"":""FS"",""system_status"":""active"",""links"":{""media"":""https://drive.google.com/drive/folders/10ofAwoqCtitdeZUwpbAawfLYBWwAsXJ9?usp=drive_link"",""title"":"""",""td"":"""",""sm"":"""",""fbg"":""https://www.facebook.com/share/p/165DaQzeN6/""},""lot"":{""lot_area_sqm"":150,""terrain"":""F""}}"
communal-road-purok-1-davao-city,"Communal Road, Purok 1, Davao City",Land,published,62000000,"Communal Road, Purok 1, Communal, Buhangin District, Davao City, Davao Region, 8000, Philippines",Davao City,Davao City,Davao Region,Buhangin District,Commercial,buy,BF; I; Cash,7.136674,125.6264802,"{""internal_id"":""cmiu7uzaa0022uxa4k74bk4g1"",""availability_raw"":""FS"",""system_status"":""active"",""links"":{""media"":""https://drive.google.com/drive/folders/10pKMuQf2GujTX-QH74bY3Y87JINe7gtg?usp=drive_link"",""title"":"""",""td"":"""",""sm"":"""",""fbg"":""https://www.facebook.com/share/p/16ouuj1thS/""},""lot"":{""lot_area_sqm"":3660,""terrain"":""F""}}"
the-harmony-davao-city,"The Harmony, Davao City",Land,published,3943500,"The Harmony, Cabantian, Buhangin District, Davao City, Davao Region, 8000, Philippines",Davao City,Davao City,Davao Region,Buhangin District,Residential,buy,Cash; 50% DP 50% staggered 6 months,7.1300425,125.6151439,"{""internal_id"":""cmiu7y4f80023uxa4o3qlpx2b"",""availability_raw"":""FS"",""system_status"":""active"",""remarks"":""with mortgage, negotiable | Frontage: 12.48 meters | Buhi pa tanan tag iya"",""transaction_remarks"":""50% DP 50% staggered 6 months"",""links"":{""media"":""https://drive.google.com/drive/folders/1LfLSiA2pAEVKxPvd9C9z_GKhTTn8MxCg?usp=drive_link"",""title"":"""",""td"":"""",""sm"":"""",""fbg"":""https://drive.google.com/drive/folders/1LfLSiA2pAEVKxPvd9C9z_GKhTTn8MxCg?usp=drive_link""},""lot"":{""lot_area_sqm"":239,""terrain"":""F""}}"
watermelon-street-ciudad-de-esperanza-3-davao-city,"Watermelon Street, Ciudad de Esperanza 3, Davao City",Land,published,3800000,"Watermelon Street, Ciudad de Esperanza 3, Cabantian, Buhangin District, Davao City, Davao Region, 8000, Philippines",Davao City,Davao City,Davao Region,Buhangin District,Residential,buy,BF; I; Cash,7.1290925,125.6308896,"{""internal_id"":""cmiu81bbi0025uxa4q1542817"",""availability_raw"":""FS"",""system_status"":""active"",""links"":{""media"":""https://drive.google.com/drive/folders/1cWuLCxlVdkEEo07HyMyRVDDyDYKmTKEm?usp=drive_link"",""title"":"""",""td"":"""",""sm"":"""",""fbg"":""https://www.facebook.com/share/p/14GdtfWHtcX/""},""lot"":{""lot_area_sqm"":240,""terrain"":""F""}}"
carnoustie-avenue-rancho-palos-verdes-davao-city,"Carnoustie Avenue, Rancho Palos Verdes, Davao City",Land,published,5000000,"Carnoustie Avenue, Rancho Palos Verdes, Buhangin District, Davao City, Davao Region, 8000, Philippines",Davao City,Davao City,Davao Region,Buhangin District,Residential,buy,BF; I; Cash,7.1692405,125.589808,"{""internal_id"":""cmiu82wnj0026uxa48ay3u7se"",""availability_raw"":""FS"",""system_status"":""active"",""links"":{""media"":""https://drive.google.com/drive/folders/1AvfZK83-6baLtuFkjIoNTA3f3rWzfKrb?usp=drive_link"",""title"":"""",""td"":"""",""sm"":"""",""fbg"":""https://www.facebook.com/share/p/1B3tq8HXm7/""},""lot"":{""lot_area_sqm"":200,""terrain"":""F""}}"
palos-verdes-avenue-rancho-palos-verdes-davao-city,"Palos Verdes Avenue, Rancho Palos Verdes, Davao City",Land,published,6318000,"Palos Verdes Avenue, Rancho Palos Verdes, Buhangin District, Davao City, Davao Region, 8000, Philippines",Davao City,Davao City,Davao Region,Buhangin District,Residential,buy,Cash,7.1757129,125.5917815,"{""internal_id"":""cmiu841280027uxa4xh3jkon1"",""availability_raw"":""FS"",""system_status"":""active"",""links"":{""media"":""https://drive.google.com/drive/folders/1dxGE1Rg4gPEROCcjZzIBepSvgVbYs98x"",""title"":"""",""td"":"""",""sm"":""""},""lot"":{""lot_area_sqm"":351,""terrain"":""F""}}"
santa-ana-avenue-do-a-pilar-village-davao-city,"Santa Ana Avenue, Doña Pilar Village, Davao City",Land,published,10000000,"Santa Ana Avenue, Doña Pilar Village, Sasa, Buhangin District, Davao City, Davao Region, 8000, Philippines",Davao City,Davao City,Davao Region,Buhangin District,Commercial,buy,70-100k monthly income,7.1202663,125.646428,"{""internal_id"":""cmiu8642s0028uxa41o87ya4x"",""availability_raw"":""FS"",""system_status"":""active"",""remarks"":""APT"",""transaction_remarks"":""Negotiable | 70-100k monthly income"",""links"":{""media"":""https://drive.google.com/drive/folders/1DZisoj1mhp-FS97wCd4RAZVGjZwO0-3y?usp=drive_link"",""title"":"""",""td"":"""",""sm"":"""",""fbg"":""https://www.facebook.com/share/p/1Ffh2kGAgW/""},""lot"":{""lot_area_sqm"":192,""terrain"":""F""}}"
dagang-street-nova-tierra-davao-city,"Dagang Street, Nova Tierra, Davao City",Land,published,10000000,"Dagang Street, Nova Tierra, Buhangin District, Davao City, Davao Region, 8000, Philippines",Davao City,Davao City,Davao Region,Buhangin District,Commercial,buy,70-100k monthly income,7.1129761,125.637871,"{""internal_id"":""cmiu885zf0029uxa4aqzhnw73"",""availability_raw"":""FS"",""system_status"":""active"",""remarks"":""APT"",""transaction_remarks"":""Negotiable | 70-100k monthly income"",""links"":{""media"":""https://drive.google.com/drive/folders/1GH1R08lIG6wTUexKqQXvp2uMAebS7Quv?usp=drive_link"",""title"":"""",""td"":"""",""sm"":""""},""lot"":{""lot_area_sqm"":300,""terrain"":""F""}}"
hyacinth-street-aspen-heights-subdivision-davao-city,"Hyacinth Street, Aspen Heights Subdivision, Davao City",Land,published,1600000,"Hyacinth Street, Aspen Heights Subdivision, Communal, Buhangin District, Davao City, Davao Region, 8000, Philippines",Davao City,Davao City,Davao Region,Buhangin District,Residential,buy,BF; I; Cash,7.1415992,125.6277503,"{""internal_id"":""cmiu8c2ix002buxa42egatdiv"",""availability_raw"":""FS"",""system_status"":""active"",""transaction_remarks"":""Last Price 1.55M"",""links"":{""media"":""https://drive.google.com/drive/folders/1CBkMTRcuWggu0n0deaVR6hWCdlGfyERS?usp=drive_link"",""title"":"""",""td"":"""",""sm"":"""",""fbg"":""https://www.facebook.com/share/p/1EMb2wg6hB/""},""lot"":{""lot_area_sqm"":100,""terrain"":""F""}}"
raffia-drive-las-palmas-verdes-davao-city,"Raffia Drive, Las Palmas Verdes, Davao City",Land,published,5000000,"Raffia Drive, Las Palmas Verdes, Buhangin District, Davao City, Davao Region, 8000, Philippines",Davao City,Davao City,Davao Region,Buhangin District,Residential,buy,BF; I; Cash,7.149905,125.589504,"{""internal_id"":""cmiu8do20002cuxa4opve307d"",""availability_raw"":""FS"",""system_status"":""active"",""remarks"":""No picture on site"",""links"":{""media"":""https://drive.google.com/drive/folders/1tU6pMQO2NtmoPONN6wD0iHrh0aZJ-I1A?usp=drive_link"",""title"":"""",""td"":"""",""sm"":"""",""fbg"":""https://www.facebook.com/share/p/1Y6cod3ER8/""},""lot"":{""lot_area_sqm"":300,""terrain"":""F""}}"